<?xml version="1.0" encoding="UTF-8"?>
<!DOCTYPE mapper PUBLIC "-//mybatis.org//DTD Mapper 3.0//EN" "http://mybatis.org/dtd/mybatis-3-mapper.dtd">
<mapper namespace="im.zhaojun.system.mapper.DeptMapper">

    <resultMap id="BaseResultMap" type="im.zhaojun.system.model.Dept">
        <!--
          WARNING - @mbg.generated
          This element is automatically generated by MyBatis Generator, do not modify.
        -->
        <id column="dept_id" jdbcType="INTEGER" property="deptId"/>
        <result column="dept_name" jdbcType="VARCHAR" property="deptName"/>
        <result column="parent_id" jdbcType="INTEGER" property="parentId"/>
        <result column="order_num" jdbcType="INTEGER" property="orderNum"/>
        <result column="create_time" jdbcType="TIMESTAMP" property="createTime"/>
        <result column="modify_time" jdbcType="TIMESTAMP" property="modifyTime"/>
    </resultMap>


    <resultMap id="TreeBaseResultMap" type="im.zhaojun.system.model.Dept">
        <!--
          WARNING - @mbg.generated
          This element is automatically generated by MyBatis Generator, do not modify.
        -->
        <id column="dept_id" jdbcType="INTEGER" property="deptId"/>
        <result column="dept_name" jdbcType="VARCHAR" property="deptName"/>
        <result column="parent_id" jdbcType="INTEGER" property="parentId"/>
        <result column="order_num" jdbcType="INTEGER" property="orderNum"/>
        <result column="create_time" jdbcType="TIMESTAMP" property="createTime"/>
        <result column="modify_time" jdbcType="TIMESTAMP" property="modifyTime"/>
        <collection property="children" ofType="im.zhaojun.system.model.Dept" select="selectAllTree"
                    column="{parent_id = dept_id}"/>
    </resultMap>

    <sql id="Base_Column_List">
        <!--
          WARNING - @mbg.generated
          This element is automatically generated by MyBatis Generator, do not modify.
        -->
        dept_id, dept_name, parent_id, order_num, create_time, modify_time
    </sql>

    <select id="selectByPrimaryKey" parameterType="java.lang.Integer" resultMap="BaseResultMap">
        <!--
          WARNING - @mbg.generated
          This element is automatically generated by MyBatis Generator, do not modify.
        -->
        select
        <include refid="Base_Column_List"/>
        from dept
        where dept_id = #{deptId,jdbcType=INTEGER}
    </select>

    <delete id="deleteByPrimaryKey" parameterType="java.lang.Integer">
        <!--
          WARNING - @mbg.generated
          This element is automatically generated by MyBatis Generator, do not modify.
        -->
        delete from dept
        where dept_id = #{deptId,jdbcType=INTEGER}
    </delete>

    <insert id="insert" keyColumn="dept_id" keyProperty="deptId" parameterType="im.zhaojun.system.model.Dept"
            useGeneratedKeys="true">
        <!--
          WARNING - @mbg.generated
          This element is automatically generated by MyBatis Generator, do not modify.
        -->
        insert into dept (dept_name, parent_id, order_num,
        create_time, modify_time)
        values (#{deptName,jdbcType=VARCHAR}, #{parentId,jdbcType=INTEGER}, #{orderNum,jdbcType=INTEGER},
        #{createTime,jdbcType=TIMESTAMP}, #{modifyTime,jdbcType=TIMESTAMP})
    </insert>

    <update id="updateByPrimaryKey" parameterType="im.zhaojun.system.model.Dept">
        <!--
          WARNING - @mbg.generated
          This element is automatically generated by MyBatis Generator, do not modify.
        -->
        update dept
        set dept_name = #{deptName,jdbcType=VARCHAR},
        parent_id = #{parentId,jdbcType=INTEGER},
        order_num = #{orderNum,jdbcType=INTEGER}
        where dept_id = #{deptId,jdbcType=INTEGER}
    </update>

    <select id="selectByParentId" resultMap="BaseResultMap">
        select
        <include refid="Base_Column_List"/>
        from dept
        where parent_id = #{parentId}
        order by order_num
    </select>

    <select id="selectChildrenIDByPrimaryKey" resultType="java.lang.Integer">
        select dept_id
        from dept
        where parent_id = #{deptId, jdbcType=INTEGER}
    </select>

    <select id="selectMaxOrderNum" resultType="int">
        select ifnull(max(order_num), 0)
        from dept
    </select>

    <update id="swapSort">
        UPDATE
        dept AS per
        JOIN
        dept AS next
        ON
        (per.`dept_id` = #{currentId} AND next.`dept_id` = #{swapId})
        OR
        (per.`dept_id` = #{swapId} AND next.`dept_id` = #{currentId})
        SET per.`order_num` = next.`order_num`,
        next.`order_num` = per.`order_num`
    </update>

    <select id="selectAllTree" resultMap="TreeBaseResultMap">
        select
        <include refid="Base_Column_List"/>
        from dept
        <where>
            <choose>
                <when test="parent_id!=null">
                    and parent_id = #{parent_id}
                </when>
                <otherwise>
                    and parent_id = 0
                </otherwise>
            </choose>
        </where>
        order by order_num
    </select>

</mapper>